STAPLES,https://www.staples.com/
GRAINGER,https://www.grainger.com/
AMERICAN AI,https://www.aa.com/homePage.do
WAL MART,https://www.walmart.com/
AMAZON,https://www.aboutamazon.com/what-we-do/amazon-store
JOURNYHSE,https://journeyhouse.com/
LOWES,https://lowes.syf.com/LowesMarketing/marketing/LowesLogin.jsp
FEDEX,https://www.fedex.com/
AT&T,https://www.att.com/
AGENT FEE,https://www.redfin.com/home-selling-guide/commission-fees-explained
BILL WARREN OFFICE PRODUC,https://warrenproducts.com/
OFFICEMAX,https://www.officedepot.com/
SOUTHWES,https://www.southwest.com/
VWR,https://us.vwr.com/store/
UNITED,https://www.united.com/ual/en/us/
DELTA AIR,https://www.delta.com/
OREILLY AUTO,https://www.oreillyauto.com/
AIRGAS CENTRAL,https://www.airgas.com/
FASTENAL,https://www.fastenal.com/
MCKESSON MEDICAL SUPPLY,https://www.mckesson.com/
DMI DELL HIGHER EDUC,https://www.dell.com/community/en/conversations/customer-care/dmi-dell-higher-education-scam/647f9beef4ccf8a8deff0163
OKLA RESORTS PARKS GOLF,https://www.golfpass.com/travel-advisor/resorts/oklahoma/
OFFICE DEPOT,https://www.officedepot.com/
SUPERCENTER,https://www.walmart.com/
SIGMA ALDRICH,https://www.sigmaaldrich.com/
HOBBY LOBBY,https://www.hobbylobby.com/
EUREKA WATER,https://www.eurekaca.gov/263/Water-Sewer-Services
SOUTH CENTRAL INDUSTRIES,https://southcentralind.com/
MSC,https://www.mscdirect.com/
TFS FISHERSCI ECOM HUS,https://www.fishersci.com/us/en/home.html
DMI DELL GOVT,https://dminc.com/federal/
ATT BUS PHONE PMT,https://www.whatsthatcharge.com/ATT-BUS-PHONE-PMT
NEWEGG,https://www.newegg.com/
NAPA AUTO PARTS,https://www.napaonline.com/
UPS,https://www.ups.com/
INTERNATIONAL TRANSACTION,https://www.bea.gov/data/intl-trade-investment/international-transactions
VOSS LIGHTING OKLAHOMA,https://www.vosslighting.com/company/contact-us/
MCMASTER CARR,https://www.mcmaster.com/
DEPT CORRECTIONS,http://www.dc.state.fl.us/OffenderSearch/InmateInfoMenu.aspx
STILLWATER MILLING COMP,https://stillwatermill.com/
BEST BUY,https://www.bestbuy.com/
CENTRAL OKLAHOMAWINLSN,https://centralwinnelson.com/sales/
QUILL,https://www.quill.com/
XPEDX  PAPER,https://www.veritiv.com/home
REXEL,https://www.rexelusa.com/
B&C BUSINESS PRODUCTS,http://www.bcbusinessproducts.com/
HOLIDAY INN EXPRESS,https://www.holidayinnexpress.com/hotels/us/en/reservation
KINNUNEN SALES RENT,https://rentals.ksrsales.com/
FEDERAL COPRORATION,https://www.irs.gov/corporations
COX OKLAHOMA COMM,https://www.cabletv.com/cox/availability
HUNZICKER BROTHERS,https://www.hunzicker.com/
INVITROGEN,https://www.thermofisher.com/us/en/home/brands/invitrogen.html.html
EQUIPMENT,https://www.merriam-webster.com/dictionary/equipment
DEARINGER PRINTING TROP,https://www.dearingers.com/
OKLAHOMA CITY WINNELSO,https://centralwinnelson.com/
UNITED REFRIG,https://www.uri.com/
GALT FOUNDATION,https://galtfoundation.org/
DEPT TECH,https://www.deptagency.com/
GRIMSLEY,https://bulbapedia.bulbagarden.net/wiki/Grimsley
NPDB NPDB HIPDB HRSA GOV,https://www.npdb.hrsa.gov/
INTEGRATED DNA TECH,https://www.idtdna.com/
STANDLEY SYSTEMS,https://www.standleys.com/
TRACTOR SUPPLY,https://www.tractorsupply.com/
APL APPLE ONLINE STORE,https://www.apple.com/store
SHERWIN WILLIAMS,https://www.sherwin-williams.com/
STILLWATER STEEL SUPPLY,https://www.stillwatersteel.com/
XEROX  RBO,https://www.xerox.com/en-us/services/robotic-process-automation
FISHER SCI HUS,https://www.fishersci.com/us/en/home.html
NATURAL GAS TNB,https://www.eia.gov/todayinenergy/detail.php?id=61025
QUALITY WATER SERVICES,https://www.aquawater.com/customers/
WALMART,https://www.walmart.com/
FOOD PYRAMID,https://www.britannica.com/science/food-pyramid
PATTERSON DENTAL SUPPL,https://www.pattersondental.com/
QUICK TRIP STATIONS,https://locations.quiktrip.com/search
OFFICE MAX,https://www.officedepot.com/
CDW GOVERNMENT,https://www.cdwg.com/content/cdwg/en/home/federal.html
VALLEY LASER,https://www.valleylaserink.com/
USPS,https://www.usps.com/
PHOTO VIDEO,https://www.adobe.com/express/create/video/photo
IVG INVITROGEN ORA,https://www.npr.org/sections/health-shots/2023/05/27/1177191913/sperm-or-egg-in-lab-breakthrough-in-reproduction-designer-babies-ivg
HOMELAND,https://www.imdb.com/title/tt1796960/
FEDEXOFFICE,https://www.office.fedex.com/
ULINE SHIP SUPPLIES,https://www.uline.com/
TARGET,https://www.target.com/
HOLIDAY INNS,https://www.ihg.com/holidayinn/hotels/us/en/reservation
ATT NBI,https://forums.att.com/conversations/wireless-account/how-to-get-nbi-account/5defc1b0bad5f2f606ce4aa8
STILLWATER BUILDING CENTE,https://www.stillwaterbuilding.com/
ATW STILLWATER,https://www.hideawaypizza.com/menu
HAMPTON INN SUITES,https://www.hilton.com/en/brands/hampton-by-hilton/
NPDB NPDB HRSA GOV,https://www.npdb.hrsa.gov/
OG&E USPAYMENTSBILLPAY,https://www.oge.com/wps/portal/ord/residential/billpay/!ut/p/z0/04_Sj9CPykssy0xPLMnMz0vMAfIjo8zijTxczDy83A38LcIcXQwCjc3M_D0tA4wMnA31C7IdFQEoPA0r/
KIAMICHI OPPORTUNITIES,https://www.koicares.org/
SIMPLEX GRINNELL WEB,https://customer.simplexgrinnell.com/SGCustomerWebPortal/Pages/SGViewSR.aspx
IMAGENET CONSULTING,https://www.imagenetconsulting.com/
CENTRAL PRINTING,https://centralprinting.com/
WALKER,https://www.imdb.com/title/tt11006642/
ENTERPRISE RENT CAR,https://www.enterprise.com/en/home.html
SANTA CRUZ BIOTECHNOLOGY,https://www.scbt.com/home